Accident_ID,Date,Time,State,City,Latitude,Longitude,Road_Type,Weather_Condition,Lighting_Condition,Primary_Cause,Vehicle_Type,Severity,Fatalities,Injuries
ACC0680,2024-10-20,07:18,West Bengal,Kolkata,33.6728,91.4538,National Highway,Clear,Daylight,Fatigue,Two-Wheeler,Minor,0,1
ACC0681,2024-10-20,15:16,Maharashtra,Mumbai,32.2585,92.139,City Road,Clear,Daylight,Overspeeding,Truck / Commercial,Minor,0,1
ACC0682,2024-10-21,07:58,Uttarakhand,Dehradun,15.9308,93.1405,State Highway,Clear,Daylight,Overspeeding,Bus,Minor,0,2
ACC0683,2024-10-21,14:26,Andhra Pradesh,Visakhapatnam,13.3899,94.8241,Expressway,Clear,Daylight,Overspeeding,Truck / Commercial,Minor,0,2
ACC0684,2024-10-21,16:25,Karnataka,Bengaluru,27.9244,80.9831,National Highway,Clear,Daylight,Distracted Driving,Truck / Commercial,Moderate,0,1
ACC0685,2024-10-21,07:24,Madhya Pradesh,Bhopal,35.5378,77.7877,National Highway,Clear,Daylight,Drunk Driving,Two-Wheeler,Moderate,0,2
ACC0686,2024-10-22,02:47,Haryana,Gurugram,24.6575,85.2927,Rural Road,Clear,Darkness,Distracted Driving,Two-Wheeler,Moderate,1,4
ACC0687,2024-10-22,06:02,Jharkhand,Ranchi,25.0911,79.2784,National Highway,Clear,Daylight,Overspeeding,Two-Wheeler,Moderate,0,4
ACC0688,2024-10-22,14:37,Mizoram,Aizawl,16.5754,85.8306,City Road,Cloudy,Daylight,Overspeeding,Truck / Commercial,Minor,0,1
ACC0689,2024-10-23,17:45,Mizoram,Aizawl,30.8692,88.8092,Rural Road,Clear,Daylight,Weather Conditions,Bus,Moderate,0,4
ACC0690,2024-10-23,01:36,Haryana,Gurugram,13.8617,88.3195,National Highway,Rainy,Darkness,Overspeeding,SUV,Severe / Fatal,3,5
ACC0691,2024-10-25,16:52,Karnataka,Bengaluru,17.8514,79.3748,National Highway,Clear,Daylight,Mechanical Failure,Bus,Severe / Fatal,1,3
ACC0692,2024-10-25,09:12,Gujarat,Ahmedabad,20.8227,73.4555,City Road,Clear,Daylight,Overspeeding,SUV,Minor,0,1
ACC0693,2024-10-26,11:21,Odisha,Bhubaneswar,23.2222,80.9701,Rural Road,Clear,Daylight,Weather Conditions,Car / Sedan,Moderate,0,3
ACC0694,2024-10-27,19:46,Maharashtra,Mumbai,15.4784,72.7639,Rural Road,Clear,Twilight,Overspeeding,Car / Sedan,Moderate,0,1
ACC0695,2024-10-27,08:45,Chhattisgarh,Raipur,11.7532,94.0678,State Highway,Foggy,Daylight,Distracted Driving,Two-Wheeler,Severe / Fatal,1,0
ACC0696,2024-10-27,11:14,Punjab,Ludhiana,26.2301,78.5575,City Road,Clear,Daylight,Overspeeding,Two-Wheeler,Minor,0,2
ACC0697,2024-10-28,00:43,Uttar Pradesh,Lucknow,16.828,73.1021,National Highway,Clear,Darkness,Overspeeding,SUV,Severe / Fatal,3,2
ACC0698,2024-10-28,04:34,Tripura,Agartala,25.3722,69.4253,Rural Road,Foggy,Darkness,Overspeeding,Car / Sedan,Severe / Fatal,1,4
ACC0699,2024-10-29,07:40,Sikkim,Gangtok,12.9074,87.1059,Rural Road,Clear,Daylight,Overspeeding,Car / Sedan,Moderate,1,2
ACC0700,2024-10-29,00:50,Punjab,Ludhiana,22.4493,86.8517,National Highway,Clear,Darkness,Overspeeding,Car / Sedan,Moderate,1,4
ACC0701,2024-10-29,14:30,Nagaland,Kohima,23.9516,78.4072,National Highway,Clear,Daylight,Drunk Driving,Two-Wheeler,Severe / Fatal,1,1
ACC0702,2024-10-29,10:58,Uttarakhand,Dehradun,9.9132,70.7438,National Highway,Rainy,Daylight,Drunk Driving,Car / Sedan,Moderate,0,2
ACC0703,2024-10-29,13:42,Karnataka,Bengaluru,18.2288,80.3744,National Highway,Clear,Daylight,Weather Conditions,Car / Sedan,Moderate,0,2
ACC0704,2024-10-30,06:22,Gujarat,Ahmedabad,12.3249,77.5697,City Road,Clear,Daylight,Distracted Driving,Car / Sedan,Minor,0,1
ACC0705,2024-10-30,08:32,Uttarakhand,Dehradun,10.2505,87.9979,State Highway,Clear,Daylight,Distracted Driving,Truck / Commercial,Moderate,0,4
ACC0706,2024-10-31,15:19,Maharashtra,Mumbai,37.3068,85.9647,National Highway,Cloudy,Daylight,Overspeeding,Car / Sedan,Minor,0,2
ACC0707,2024-11-01,20:54,Madhya Pradesh,Bhopal,17.8127,79.0909,State Highway,Clear,Darkness,Drunk Driving,SUV,Moderate,0,4
ACC0708,2024-11-01,02:10,West Bengal,Kolkata,32.0483,74.9099,Rural Road,Clear,Darkness,Overspeeding,Bus,Moderate,0,2
ACC0709,2024-11-01,18:53,Karnataka,Bengaluru,15.8355,96.859,Expressway,Clear,Twilight,Weather Conditions,Truck / Commercial,Moderate,0,2
ACC0710,2024-11-02,13:42,Punjab,Ludhiana,28.2999,81.639,State Highway,Cloudy,Daylight,Overspeeding,Bus,Moderate,0,1
ACC0711,2024-11-02,13:56,Uttar Pradesh,Lucknow,30.5987,88.3158,National Highway,Rainy,Daylight,Overspeeding,Two-Wheeler,Severe / Fatal,3,2
ACC0712,2024-11-02,12:35,Sikkim,Gangtok,25.7927,72.7058,Rural Road,Cloudy,Daylight,Distracted Driving,Two-Wheeler,Moderate,0,4
ACC0713,2024-11-03,03:11,Tamil Nadu,Chennai,22.17,82.5393,City Road,Clear,Darkness,Overspeeding,Two-Wheeler,Minor,0,2
ACC0714,2024-11-03,04:18,Telangana,Hyderabad,20.4258,69.4848,National Highway,Clear,Darkness,Mechanical Failure,Two-Wheeler,Moderate,1,1
ACC0715,2024-11-04,14:06,Sikkim,Gangtok,18.587,83.1055,National Highway,Clear,Daylight,Mechanical Failure,Bus,Minor,0,2
ACC0716,2024-11-04,09:30,Punjab,Ludhiana,35.5423,96.1745,National Highway,Rainy,Daylight,Overspeeding,SUV,Moderate,0,2
ACC0717,2024-11-04,18:08,Mizoram,Aizawl,32.6541,79.6499,National Highway,Clear,Twilight,Overspeeding,Two-Wheeler,Moderate,1,4
ACC0718,2024-11-04,10:47,Tamil Nadu,Chennai,36.5788,69.8114,Expressway,Clear,Daylight,Drunk Driving,Two-Wheeler,Severe / Fatal,2,3
ACC0719,2024-11-05,06:16,Manipur,Imphal,12.0295,69.5822,Rural Road,Rainy,Daylight,Distracted Driving,Two-Wheeler,Severe / Fatal,1,4
ACC0720,2024-11-05,16:46,Manipur,Imphal,29.7413,79.7576,State Highway,Clear,Daylight,Overspeeding,SUV,Minor,0,1
ACC0721,2024-11-05,08:51,Karnataka,Bengaluru,35.7995,73.2607,City Road,Clear,Daylight,Distracted Driving,SUV,Minor,0,1
ACC0722,2024-11-05,12:35,Uttar Pradesh,Lucknow,13.692,69.3655,State Highway,Clear,Daylight,Drunk Driving,Truck / Commercial,Moderate,0,2
ACC0723,2024-11-07,15:48,Bihar,Patna,10.3417,90.2521,City Road,Clear,Daylight,Overspeeding,Bus,Moderate,0,2
ACC0724,2024-11-07,18:58,Telangana,Hyderabad,30.0407,81.7679,City Road,Rainy,Twilight,Overspeeding,Two-Wheeler,Moderate,0,1
ACC0725,2024-11-07,17:11,Uttar Pradesh,Lucknow,25.1746,76.9435,National Highway,Clear,Daylight,Weather Conditions,Two-Wheeler,Severe / Fatal,3,2
ACC0726,2024-11-07,15:43,Goa,Panaji,32.9814,94.3524,State Highway,Clear,Daylight,Overspeeding,Two-Wheeler,Moderate,0,2
ACC0727,2024-11-08,15:57,Meghalaya,Shillong,12.4814,72.01,Expressway,Clear,Daylight,Weather Conditions,Car / Sedan,Moderate,0,3
ACC0728,2024-11-08,19:21,Chhattisgarh,Raipur,31.6218,95.9437,National Highway,Clear,Twilight,Overspeeding,Bus,Severe / Fatal,2,0
ACC0729,2024-11-09,08:41,Telangana,Hyderabad,14.2875,77.6481,State Highway,Clear,Daylight,Drunk Driving,Car / Sedan,Minor,0,1
ACC0730,2024-11-09,00:05,Madhya Pradesh,Bhopal,13.1788,94.0195,State Highway,Clear,Darkness,Mechanical Failure,SUV,Moderate,0,4
ACC0731,2024-11-10,08:14,Punjab,Ludhiana,13.1966,85.8839,Rural Road,Clear,Daylight,Mechanical Failure,Car / Sedan,Minor,0,1
ACC0732,2024-11-10,07:22,Rajasthan,Jaipur,32.1856,92.2612,State Highway,Clear,Daylight,Overspeeding,Two-Wheeler,Minor,0,1
ACC0733,2024-11-11,15:14,Maharashtra,Mumbai,27.8238,96.7444,City Road,Clear,Daylight,Overspeeding,Two-Wheeler,Moderate,0,2
ACC0734,2024-11-11,14:47,Uttar Pradesh,Lucknow,23.6735,76.9196,State Highway,Clear,Daylight,Weather Conditions,Car / Sedan,Minor,0,2
ACC0735,2024-11-12,14:55,Madhya Pradesh,Bhopal,18.8779,96.0924,City Road,Rainy,Daylight,Overspeeding,SUV,Moderate,0,1
ACC0736,2024-11-12,00:19,Arunachal Pradesh,Itanagar,34.0143,79.8002,Expressway,Rainy,Darkness,Overspeeding,Two-Wheeler,Severe / Fatal,1,2
ACC0737,2024-11-12,16:26,Bihar,Patna,19.8594,79.6871,City Road,Rainy,Daylight,Mechanical Failure,SUV,Minor,0,2
ACC0738,2024-11-13,08:50,Kerala,Thiruvananthapuram,32.2447,78.401,State Highway,Clear,Daylight,Overspeeding,Truck / Commercial,Minor,0,2
ACC0739,2024-11-14,15:56,Meghalaya,Shillong,21.2227,84.1301,Expressway,Clear,Daylight,Overspeeding,Car / Sedan,Moderate,1,1
ACC0740,2024-11-14,13:21,Meghalaya,Shillong,19.4068,73.0931,Expressway,Clear,Daylight,Overspeeding,SUV,Moderate,1,1
ACC0741,2024-11-15,09:23,Odisha,Bhubaneswar,21.9102,84.4808,State Highway,Clear,Daylight,Distracted Driving,Car / Sedan,Minor,0,2
ACC0742,2024-11-15,06:16,Himachal Pradesh,Shimla,17.2002,84.1386,National Highway,Clear,Daylight,Distracted Driving,SUV,Moderate,1,2
ACC0743,2024-11-15,05:37,Andhra Pradesh,Visakhapatnam,30.2302,90.4142,National Highway,Clear,Twilight,Overspeeding,Truck / Commercial,Moderate,0,3
ACC0744,2024-11-15,17:18,Haryana,Gurugram,23.0794,92.459,National Highway,Cloudy,Daylight,Overspeeding,Auto Rickshaw,Moderate,0,4
ACC0745,2024-11-16,18:29,Andhra Pradesh,Visakhapatnam,15.1806,81.2526,City Road,Clear,Twilight,Overspeeding,Two-Wheeler,Minor,0,1
ACC0746,2024-11-16,15:54,Gujarat,Ahmedabad,34.6676,77.3165,National Highway,Clear,Daylight,Distracted Driving,Car / Sedan,Severe / Fatal,3,1
ACC0747,2024-11-17,05:07,Assam,Guwahati,19.6096,76.091,National Highway,Rainy,Twilight,Overspeeding,Two-Wheeler,Moderate,0,1
ACC0748,2024-11-17,10:30,Kerala,Thiruvananthapuram,24.2717,74.2468,City Road,Clear,Daylight,Mechanical Failure,Two-Wheeler,Minor,0,1
ACC0749,2024-11-17,16:03,Punjab,Ludhiana,34.869,70.343,State Highway,Rainy,Daylight,Overspeeding,SUV,Minor,0,2
ACC0750,2024-11-17,16:55,Meghalaya,Shillong,26.6277,78.4598,State Highway,Rainy,Daylight,Fatigue,Bus,Moderate,0,4
ACC0751,2024-11-18,05:40,Arunachal Pradesh,Itanagar,11.8134,76.4021,National Highway,Cloudy,Twilight,Overspeeding,Car / Sedan,Minor,0,2
ACC0752,2024-11-18,00:37,Uttar Pradesh,Lucknow,35.8431,96.2429,Rural Road,Clear,Darkness,Weather Conditions,Two-Wheeler,Moderate,0,3
ACC0753,2024-11-19,16:37,West Bengal,Kolkata,26.7291,84.5947,City Road,Clear,Daylight,Overspeeding,Two-Wheeler,Minor,0,1
ACC0754,2024-11-19,09:39,Maharashtra,Mumbai,18.1792,78.5974,City Road,Clear,Daylight,Overspeeding,Car / Sedan,Minor,0,2
ACC0755,2024-11-19,07:04,Himachal Pradesh,Shimla,12.4667,85.2433,State Highway,Clear,Daylight,Mechanical Failure,Two-Wheeler,Moderate,1,4
ACC0756,2024-11-19,00:30,Goa,Panaji,31.5855,72.6671,City Road,Clear,Darkness,Mechanical Failure,Two-Wheeler,Moderate,0,2
ACC0757,2024-11-20,13:56,Bihar,Patna,26.5061,81.3552,National Highway,Clear,Daylight,Overspeeding,SUV,Moderate,0,2
ACC0758,2024-11-20,17:12,Nagaland,Kohima,23.9771,86.5477,National Highway,Clear,Daylight,Distracted Driving,Two-Wheeler,Minor,0,1
ACC0759,2024-11-21,19:32,Rajasthan,Jaipur,34.5017,82.6336,National Highway,Clear,Twilight,Drunk Driving,Car / Sedan,Moderate,0,1
ACC0760,2024-11-23,13:07,Uttarakhand,Dehradun,31.427,80.1507,Expressway,Rainy,Daylight,Mechanical Failure,Truck / Commercial,Moderate,1,1
ACC0761,2024-11-24,12:55,Karnataka,Bengaluru,12.8289,97.0247,State Highway,Rainy,Daylight,Overspeeding,Two-Wheeler,Moderate,0,4
ACC0762,2024-11-25,04:43,Tripura,Agartala,17.5023,93.789,State Highway,Clear,Darkness,Drunk Driving,SUV,Moderate,1,1
ACC0763,2024-11-25,13:24,Madhya Pradesh,Bhopal,15.6559,86.4671,National Highway,Clear,Daylight,Drunk Driving,SUV,Moderate,0,3
ACC0764,2024-11-25,09:33,Uttar Pradesh,Lucknow,30.1232,84.9273,State Highway,Rainy,Daylight,Overspeeding,SUV,Moderate,0,1
ACC0765,2024-11-26,14:19,Karnataka,Bengaluru,9.3791,86.3888,City Road,Clear,Daylight,Mechanical Failure,Car / Sedan,Moderate,0,3
ACC0766,2024-11-26,09:26,Assam,Guwahati,25.0408,74.4374,State Highway,Foggy,Daylight,Overspeeding,Two-Wheeler,Minor,0,2
ACC0767,2024-11-27,07:03,Uttarakhand,Dehradun,30.6638,79.9614,City Road,Foggy,Daylight,Overspeeding,Truck / Commercial,Moderate,0,3
ACC0768,2024-11-27,05:55,Tripura,Agartala,34.0016,69.8246,National Highway,Clear,Twilight,Drunk Driving,Truck / Commercial,Moderate,0,3
ACC0769,2024-11-27,08:54,Bihar,Patna,18.3888,82.2531,City Road,Rainy,Daylight,Distracted Driving,Two-Wheeler,Minor,0,1
ACC0770,2024-11-28,05:09,Tripura,Agartala,32.3807,84.1762,Expressway,Clear,Twilight,Overspeeding,Two-Wheeler,Moderate,0,3
ACC0771,2024-11-28,06:08,Bihar,Patna,11.6304,75.1909,National Highway,Clear,Daylight,Overspeeding,Two-Wheeler,Moderate,0,4
ACC0772,2024-11-28,21:12,West Bengal,Kolkata,33.1164,96.1748,National Highway,Clear,Darkness,Fatigue,Two-Wheeler,Moderate,0,2
ACC0773,2024-11-28,11:21,Kerala,Thiruvananthapuram,12.1227,94.6195,Expressway,Clear,Daylight,Overspeeding,Car / Sedan,Moderate,0,3
ACC0774,2024-11-28,13:26,Bihar,Patna,20.0008,89.2811,City Road,Rainy,Daylight,Distracted Driving,Two-Wheeler,Moderate,0,4
ACC0775,2024-11-30,18:36,West Bengal,Kolkata,31.681,83.9015,State Highway,Clear,Twilight,Distracted Driving,Two-Wheeler,Moderate,1,1
ACC0776,2024-11-30,23:57,Telangana,Hyderabad,12.7776,93.4941,National Highway,Clear,Darkness,Overspeeding,Truck / Commercial,Moderate,0,4
ACC0777,2024-11-30,14:58,Sikkim,Gangtok,15.0941,72.4236,City Road,Clear,Daylight,Fatigue,Two-Wheeler,Minor,0,1
ACC0778,2024-12-01,17:29,West Bengal,Kolkata,29.4898,91.2295,City Road,Rainy,Daylight,Distracted Driving,Truck / Commercial,Moderate,1,3
ACC0779,2024-12-01,08:09,Madhya Pradesh,Bhopal,29.4251,72.2574,State Highway,Foggy,Daylight,Drunk Driving,SUV,Minor,0,2
ACC0780,2024-12-01,08:20,Rajasthan,Jaipur,27.1215,91.335,State Highway,Rainy,Daylight,Drunk Driving,Two-Wheeler,Minor,0,2
ACC0781,2024-12-02,10:55,Kerala,Thiruvananthapuram,28.6633,76.5594,National Highway,Clear,Daylight,Distracted Driving,SUV,Moderate,0,3
ACC0782,2024-12-02,15:45,Karnataka,Bengaluru,24.2476,93.6971,Expressway,Clear,Daylight,Drunk Driving,SUV,Severe / Fatal,3,5
ACC0783,2024-12-02,15:11,Gujarat,Ahmedabad,15.7525,95.6052,State Highway,Clear,Daylight,Mechanical Failure,Car / Sedan,Moderate,0,1
ACC0784,2024-12-03,08:49,Madhya Pradesh,Bhopal,18.4943,72.9407,Rural Road,Clear,Daylight,Overspeeding,Two-Wheeler,Minor,0,1
ACC0785,2024-12-03,06:05,Chhattisgarh,Raipur,13.7027,81.8863,State Highway,Clear,Daylight,Overspeeding,Car / Sedan,Moderate,0,3
ACC0786,2024-12-04,14:31,Goa,Panaji,34.9268,96.6581,State Highway,Clear,Daylight,Overspeeding,Bus,Moderate,0,2
ACC0787,2024-12-04,05:21,Tripura,Agartala,25.435,82.4771,Expressway,Clear,Twilight,Overspeeding,SUV,Moderate,0,1
ACC0788,2024-12-04,13:40,Sikkim,Gangtok,20.1049,93.3111,Rural Road,Rainy,Daylight,Overspeeding,Two-Wheeler,Severe / Fatal,2,3
ACC0789,2024-12-04,15:11,Andhra Pradesh,Visakhapatnam,21.8906,85.4788,City Road,Clear,Daylight,Mechanical Failure,SUV,Minor,0,1
ACC0790,2024-12-05,15:20,Odisha,Bhubaneswar,36.0607,79.3969,State Highway,Clear,Daylight,Distracted Driving,Car / Sedan,Minor,0,2
ACC0791,2024-12-05,16:40,Nagaland,Kohima,12.8779,76.8448,City Road,Clear,Daylight,Distracted Driving,Car / Sedan,Moderate,0,1
ACC0792,2024-12-06,18:03,Uttarakhand,Dehradun,25.5179,74.4919,Expressway,Rainy,Twilight,Distracted Driving,SUV,Severe / Fatal,2,5
ACC0793,2024-12-06,12:00,Tripura,Agartala,23.1719,90.4112,State Highway,Rainy,Daylight,Weather Conditions,Car / Sedan,Moderate,0,1
ACC0794,2024-12-07,16:28,Gujarat,Ahmedabad,26.2545,79.7164,National Highway,Foggy,Daylight,Drunk Driving,Truck / Commercial,Severe / Fatal,2,3
ACC0795,2024-12-07,14:17,Arunachal Pradesh,Itanagar,8.9288,83.2714,State Highway,Clear,Daylight,Mechanical Failure,SUV,Moderate,0,4
ACC0796,2024-12-07,06:13,Mizoram,Aizawl,33.866,82.7313,National Highway,Cloudy,Daylight,Overspeeding,SUV,Severe / Fatal,1,2
ACC0797,2024-12-09,00:48,Madhya Pradesh,Bhopal,35.6179,85.1525,Rural Road,Clear,Darkness,Mechanical Failure,Two-Wheeler,Moderate,1,3
ACC0798,2024-12-09,08:49,Odisha,Bhubaneswar,24.9019,93.3689,State Highway,Clear,Daylight,Distracted Driving,Truck / Commercial,Moderate,0,3
ACC0799,2024-12-10,11:10,Tripura,Agartala,28.7422,96.6511,Rural Road,Cloudy,Daylight,Overspeeding,Bus,Moderate,0,1
ACC0800,2024-12-10,14:36,Gujarat,Ahmedabad,35.337,80.3161,State Highway,Clear,Daylight,Drunk Driving,Two-Wheeler,Minor,0,2
ACC0801,2024-12-10,17:48,Arunachal Pradesh,Itanagar,29.0514,92.2843,Expressway,Clear,Daylight,Drunk Driving,Car / Sedan,Moderate,0,2
ACC0802,2024-12-11,07:10,Madhya Pradesh,Bhopal,12.8541,90.489,State Highway,Clear,Daylight,Overspeeding,Two-Wheeler,Minor,0,1
ACC0803,2024-12-12,05:31,Meghalaya,Shillong,25.2276,85.0456,National Highway,Clear,Twilight,Drunk Driving,Truck / Commercial,Severe / Fatal,2,4
ACC0804,2024-12-12,20:50,Sikkim,Gangtok,26.1161,95.9473,State Highway,Foggy,Darkness,Overspeeding,SUV,Moderate,0,4
ACC0805,2024-12-12,05:48,Sikkim,Gangtok,20.7846,74.4135,National Highway,Clear,Twilight,Overspeeding,Two-Wheeler,Moderate,0,2
ACC0806,2024-12-13,11:49,Bihar,Patna,29.9042,71.814,Expressway,Clear,Daylight,Fatigue,Truck / Commercial,Minor,0,2
ACC0807,2024-12-13,14:05,West Bengal,Kolkata,35.6835,93.0379,State Highway,Clear,Daylight,Distracted Driving,Two-Wheeler,Minor,0,2
ACC0808,2024-12-13,13:08,Gujarat,Ahmedabad,35.4266,81.2158,City Road,Clear,Daylight,Mechanical Failure,Truck / Commercial,Moderate,0,3
ACC0809,2024-12-14,04:39,Uttar Pradesh,Lucknow,21.5645,92.8386,National Highway,Clear,Darkness,Distracted Driving,Car / Sedan,Moderate,0,1
ACC0810,2024-12-14,02:27,Mizoram,Aizawl,11.7066,94.1531,National Highway,Clear,Darkness,Overspeeding,Two-Wheeler,Moderate,0,2
ACC0811,2024-12-14,05:40,Mizoram,Aizawl,37.1574,70.48,State Highway,Clear,Twilight,Drunk Driving,Two-Wheeler,Minor,0,1
ACC0812,2024-12-14,14:27,Sikkim,Gangtok,32.8958,93.8787,Rural Road,Clear,Daylight,Distracted Driving,Two-Wheeler,Minor,0,2
ACC0813,2024-12-14,13:25,Tamil Nadu,Chennai,12.0402,81.4771,City Road,Foggy,Daylight,Fatigue,SUV,Moderate,1,1
ACC0814,2024-12-15,07:27,Gujarat,Ahmedabad,35.2886,83.2473,State Highway,Clear,Daylight,Overspeeding,Car / Sedan,Minor,0,1
ACC0815,2024-12-15,14:30,Tripura,Agartala,33.801,86.5579,State Highway,Clear,Daylight,Mechanical Failure,Two-Wheeler,Moderate,0,1
ACC0816,2024-12-17,17:24,West Bengal,Kolkata,23.5501,95.1019,National Highway,Clear,Daylight,Mechanical Failure,Two-Wheeler,Minor,0,1
ACC0817,2024-12-18,01:00,Manipur,Imphal,25.6652,69.2448,Rural Road,Clear,Darkness,Distracted Driving,Two-Wheeler,Moderate,0,4
ACC0818,2024-12-18,12:02,Kerala,Thiruvananthapuram,20.0509,82.29,City Road,Rainy,Daylight,Fatigue,SUV,Moderate,0,1
ACC0819,2024-12-19,15:34,Haryana,Gurugram,9.999,88.3001,National Highway,Cloudy,Daylight,Overspeeding,SUV,Moderate,0,1
ACC0820,2024-12-19,07:12,Meghalaya,Shillong,18.1878,89.2971,Expressway,Clear,Daylight,Fatigue,Two-Wheeler,Moderate,0,2
ACC0821,2024-12-19,08:46,Mizoram,Aizawl,31.8433,88.4372,National Highway,Foggy,Daylight,Distracted Driving,Car / Sedan,Moderate,0,2
ACC0822,2024-12-19,14:23,Rajasthan,Jaipur,8.5353,72.5314,Rural Road,Clear,Daylight,Overspeeding,Two-Wheeler,Moderate,0,3
ACC0823,2024-12-21,18:00,Chhattisgarh,Raipur,18.1382,77.2328,National Highway,Clear,Twilight,Mechanical Failure,Bus,Moderate,0,3
ACC0824,2024-12-22,17:57,Punjab,Ludhiana,20.0265,78.9234,Expressway,Clear,Daylight,Drunk Driving,Bus,Moderate,1,1
ACC0825,2024-12-23,14:20,Meghalaya,Shillong,24.092,91.6265,National Highway,Clear,Daylight,Drunk Driving,SUV,Minor,0,2
ACC0826,2024-12-24,16:48,Arunachal Pradesh,Itanagar,35.2598,76.6447,City Road,Clear,Daylight,Drunk Driving,Bus,Moderate,0,2
ACC0827,2024-12-24,09:53,Jharkhand,Ranchi,18.5133,74.7051,City Road,Foggy,Daylight,Overspeeding,Truck / Commercial,Moderate,0,1
ACC0828,2024-12-24,15:33,Odisha,Bhubaneswar,18.531,95.9873,City Road,Clear,Daylight,Drunk Driving,Truck / Commercial,Minor,0,1
ACC0829,2024-12-25,11:12,Karnataka,Bengaluru,29.935,68.9526,Expressway,Foggy,Daylight,Weather Conditions,Car / Sedan,Moderate,0,2
ACC0830,2024-12-25,06:01,Manipur,Imphal,21.6048,97.1379,City Road,Rainy,Daylight,Overspeeding,Two-Wheeler,Severe / Fatal,3,2
ACC0831,2024-12-26,15:43,Punjab,Ludhiana,14.9585,87.9894,National Highway,Clear,Daylight,Overspeeding,Two-Wheeler,Moderate,0,3
ACC0832,2024-12-26,13:00,Kerala,Thiruvananthapuram,21.6112,92.3114,State Highway,Clear,Daylight,Overspeeding,Two-Wheeler,Moderate,0,3
ACC0833,2024-12-26,09:40,Himachal Pradesh,Shimla,12.513,77.0967,National Highway,Clear,Daylight,Overspeeding,SUV,Moderate,0,2
ACC0834,2024-12-26,18:46,Goa,Panaji,13.5505,69.108,Rural Road,Cloudy,Twilight,Distracted Driving,Two-Wheeler,Moderate,0,3
ACC0835,2024-12-28,00:15,Meghalaya,Shillong,22.9523,89.7293,State Highway,Clear,Darkness,Weather Conditions,Two-Wheeler,Moderate,0,4
ACC0836,2024-12-28,08:14,Gujarat,Ahmedabad,20.6326,92.4731,City Road,Clear,Daylight,Fatigue,Car / Sedan,Minor,0,1
ACC0837,2024-12-28,02:44,Gujarat,Ahmedabad,35.1135,89.8036,City Road,Clear,Darkness,Distracted Driving,Two-Wheeler,Moderate,0,1
ACC0838,2024-12-28,16:56,Tripura,Agartala,18.9819,72.7712,National Highway,Clear,Daylight,Overspeeding,Car / Sedan,Severe / Fatal,2,5
ACC0839,2024-12-29,15:22,Chhattisgarh,Raipur,25.3532,90.1727,National Highway,Clear,Daylight,Mechanical Failure,Bus,Moderate,0,1
ACC0840,2024-12-29,08:19,Madhya Pradesh,Bhopal,26.8621,90.6143,National Highway,Clear,Daylight,Weather Conditions,SUV,Moderate,1,1
ACC0841,2025-01-01,15:08,Arunachal Pradesh,Itanagar,8.7824,87.4684,State Highway,Clear,Daylight,Drunk Driving,SUV,Moderate,0,4
ACC0842,2025-01-01,10:06,Kerala,Thiruvananthapuram,27.7753,90.5343,National Highway,Clear,Daylight,Distracted Driving,Car / Sedan,Moderate,1,2
ACC0843,2025-01-02,16:24,Kerala,Thiruvananthapuram,13.5987,92.8088,National Highway,Clear,Daylight,Mechanical Failure,Car / Sedan,Severe / Fatal,3,4
ACC0844,2025-01-02,11:32,Manipur,Imphal,36.4633,86.1877,City Road,Clear,Daylight,Distracted Driving,Two-Wheeler,Moderate,1,3
ACC0845,2025-01-02,10:37,Karnataka,Bengaluru,12.741,71.2252,Rural Road,Clear,Daylight,Overspeeding,Bus,Minor,0,2
ACC0846,2025-01-02,19:19,Haryana,Gurugram,20.507,82.5974,State Highway,Clear,Twilight,Distracted Driving,Two-Wheeler,Moderate,0,2
ACC0847,2025-01-04,07:10,Jharkhand,Ranchi,10.8922,70.913,State Highway,Clear,Daylight,Overspeeding,Two-Wheeler,Moderate,0,4
ACC0848,2025-01-05,05:04,Assam,Guwahati,37.5087,80.315,National Highway,Clear,Twilight,Overspeeding,Truck / Commercial,Severe / Fatal,3,1
ACC0849,2025-01-05,14:52,Madhya Pradesh,Bhopal,23.0641,80.3025,City Road,Clear,Daylight,Overspeeding,Two-Wheeler,Moderate,0,4
ACC0850,2025-01-05,20:02,Karnataka,Bengaluru,25.7852,70.5813,City Road,Clear,Darkness,Overspeeding,Car / Sedan,Moderate,0,4