Accident_ID,Date,Time,State,City,Latitude,Longitude,Road_Type,Weather_Condition,Lighting_Condition,Primary_Cause,Vehicle_Type,Severity,Fatalities,Injuries
ACC1020,2025-03-18,06:41,Gujarat,Ahmedabad,9.3912,69.3725,City Road,Clear,Daylight,Overspeeding,Car / Sedan,Minor,0,1
ACC1021,2025-03-19,05:10,Meghalaya,Shillong,28.7647,94.309,National Highway,Clear,Twilight,Overspeeding,Truck / Commercial,Moderate,0,4
ACC1022,2025-03-20,19:21,Karnataka,Bengaluru,17.0826,91.0212,National Highway,Clear,Twilight,Overspeeding,Two-Wheeler,Moderate,0,2
ACC1023,2025-03-20,14:22,Goa,Panaji,35.3924,90.9407,National Highway,Clear,Daylight,Weather Conditions,Car / Sedan,Severe / Fatal,3,2
ACC1024,2025-03-21,16:57,Mizoram,Aizawl,36.7549,81.7529,Rural Road,Rainy,Daylight,Mechanical Failure,Bus,Moderate,0,2
ACC1025,2025-03-21,08:28,Karnataka,Bengaluru,35.9726,80.0432,City Road,Clear,Daylight,Overspeeding,Car / Sedan,Minor,0,1
ACC1026,2025-03-22,10:39,Sikkim,Gangtok,22.2471,77.3331,City Road,Foggy,Daylight,Overspeeding,Car / Sedan,Moderate,0,1
ACC1027,2025-03-22,07:17,Himachal Pradesh,Shimla,33.5716,70.5723,State Highway,Cloudy,Daylight,Distracted Driving,Car / Sedan,Moderate,0,2
ACC1028,2025-03-22,05:56,Gujarat,Ahmedabad,33.0608,75.2047,State Highway,Clear,Twilight,Fatigue,Car / Sedan,Minor,0,1
ACC1029,2025-03-22,06:46,Assam,Guwahati,17.7177,75.7282,National Highway,Clear,Daylight,Overspeeding,SUV,Severe / Fatal,3,0
ACC1030,2025-03-22,17:05,Haryana,Gurugram,32.6043,82.4962,National Highway,Clear,Daylight,Overspeeding,Truck / Commercial,Severe / Fatal,1,4
ACC1031,2025-03-22,15:23,Karnataka,Bengaluru,9.4806,90.0022,State Highway,Clear,Daylight,Weather Conditions,Car / Sedan,Minor,0,1
ACC1032,2025-03-24,13:52,Sikkim,Gangtok,25.8111,82.2036,City Road,Clear,Daylight,Distracted Driving,Truck / Commercial,Moderate,1,2
ACC1033,2025-03-24,11:21,Chhattisgarh,Raipur,15.1163,70.3486,State Highway,Clear,Daylight,Overspeeding,Car / Sedan,Minor,0,1
ACC1034,2025-03-24,19:11,Karnataka,Bengaluru,11.9206,95.997,National Highway,Foggy,Twilight,Distracted Driving,Two-Wheeler,Severe / Fatal,3,1
ACC1035,2025-03-24,04:07,Karnataka,Bengaluru,10.647,95.5676,National Highway,Clear,Darkness,Overspeeding,SUV,Moderate,0,3
ACC1036,2025-03-25,08:25,Assam,Guwahati,28.7316,91.0779,National Highway,Clear,Daylight,Drunk Driving,SUV,Moderate,1,1
ACC1037,2025-03-26,09:25,Uttarakhand,Dehradun,18.3243,96.9528,State Highway,Clear,Daylight,Drunk Driving,Car / Sedan,Moderate,1,3
ACC1038,2025-03-26,16:29,Madhya Pradesh,Bhopal,29.5632,84.2177,Rural Road,Clear,Daylight,Mechanical Failure,Two-Wheeler,Moderate,1,3
ACC1039,2025-03-27,22:17,Sikkim,Gangtok,10.3084,96.1389,Expressway,Clear,Darkness,Drunk Driving,Two-Wheeler,Moderate,0,2
ACC1040,2025-03-27,07:53,Assam,Guwahati,17.6065,70.8547,City Road,Foggy,Daylight,Overspeeding,Two-Wheeler,Moderate,0,3
ACC1041,2025-03-28,18:24,Assam,Guwahati,24.1531,79.1219,State Highway,Clear,Twilight,Overspeeding,Two-Wheeler,Minor,0,1
ACC1042,2025-03-28,17:44,Madhya Pradesh,Bhopal,31.4891,75.1234,State Highway,Clear,Daylight,Mechanical Failure,SUV,Minor,0,2
ACC1043,2025-03-28,07:54,Meghalaya,Shillong,17.7076,74.2812,National Highway,Clear,Daylight,Overspeeding,Two-Wheeler,Moderate,1,3
ACC1044,2025-03-28,10:30,Manipur,Imphal,26.676,72.7129,City Road,Clear,Daylight,Overspeeding,Truck / Commercial,Minor,0,1
ACC1045,2025-03-28,10:51,Assam,Guwahati,34.2706,86.4388,City Road,Rainy,Daylight,Overspeeding,Two-Wheeler,Moderate,0,3
ACC1046,2025-03-28,20:26,Assam,Guwahati,26.3832,90.9677,National Highway,Clear,Darkness,Weather Conditions,Two-Wheeler,Moderate,0,4
ACC1047,2025-03-28,06:41,Meghalaya,Shillong,15.2024,85.1815,State Highway,Rainy,Daylight,Drunk Driving,Car / Sedan,Minor,0,1
ACC1048,2025-03-29,17:56,Mizoram,Aizawl,9.1125,72.8884,State Highway,Clear,Daylight,Overspeeding,Two-Wheeler,Minor,0,2
ACC1049,2025-03-29,08:51,Sikkim,Gangtok,33.8069,91.817,Expressway,Clear,Daylight,Overspeeding,Bus,Moderate,0,4
ACC1050,2025-03-29,16:10,Tripura,Agartala,9.0211,86.8247,Rural Road,Clear,Daylight,Mechanical Failure,Two-Wheeler,Moderate,0,4
ACC1051,2025-03-29,10:07,Andhra Pradesh,Visakhapatnam,33.9413,79.7627,Expressway,Clear,Daylight,Drunk Driving,Car / Sedan,Minor,0,1
ACC1052,2025-03-30,13:08,Kerala,Thiruvananthapuram,23.845,87.9127,State Highway,Clear,Daylight,Distracted Driving,Truck / Commercial,Moderate,0,4
ACC1053,2025-03-30,17:44,Sikkim,Gangtok,35.8208,76.1073,National Highway,Rainy,Daylight,Mechanical Failure,SUV,Severe / Fatal,1,4
ACC1054,2025-03-30,17:46,Rajasthan,Jaipur,31.7245,78.538,National Highway,Clear,Daylight,Mechanical Failure,Two-Wheeler,Moderate,0,4
ACC1055,2025-03-31,18:03,Meghalaya,Shillong,37.5397,94.8483,National Highway,Clear,Twilight,Overspeeding,Car / Sedan,Moderate,0,1
ACC1056,2025-04-01,02:54,West Bengal,Kolkata,18.6408,76.9794,National Highway,Clear,Darkness,Fatigue,SUV,Severe / Fatal,1,0
ACC1057,2025-04-02,15:10,Gujarat,Ahmedabad,30.8019,82.0947,City Road,Clear,Daylight,Overspeeding,Auto Rickshaw,Minor,0,1
ACC1058,2025-04-03,06:06,Manipur,Imphal,20.1364,94.069,City Road,Clear,Daylight,Overspeeding,Bus,Moderate,0,4
ACC1059,2025-04-04,10:26,Punjab,Ludhiana,22.4124,88.8701,National Highway,Clear,Daylight,Mechanical Failure,Two-Wheeler,Moderate,0,4
ACC1060,2025-04-04,13:58,Chhattisgarh,Raipur,26.7232,70.4728,City Road,Clear,Daylight,Overspeeding,Auto Rickshaw,Moderate,0,1
ACC1061,2025-04-04,10:37,Haryana,Gurugram,33.9114,72.8981,National Highway,Clear,Daylight,Overspeeding,Two-Wheeler,Severe / Fatal,1,5
ACC1062,2025-04-05,12:30,Haryana,Gurugram,37.1352,68.9235,State Highway,Clear,Daylight,Overspeeding,Two-Wheeler,Minor,0,2
ACC1063,2025-04-06,23:51,Chhattisgarh,Raipur,30.8336,86.6813,National Highway,Clear,Darkness,Distracted Driving,Truck / Commercial,Severe / Fatal,2,1
ACC1064,2025-04-06,06:36,Chhattisgarh,Raipur,20.5988,81.4587,State Highway,Clear,Daylight,Overspeeding,Two-Wheeler,Moderate,0,4
ACC1065,2025-04-06,15:43,Haryana,Gurugram,20.7036,72.5268,National Highway,Clear,Daylight,Distracted Driving,Two-Wheeler,Moderate,0,4
ACC1066,2025-04-07,10:28,Himachal Pradesh,Shimla,29.9374,96.0011,State Highway,Cloudy,Daylight,Mechanical Failure,Two-Wheeler,Minor,0,2
ACC1067,2025-04-07,06:11,Sikkim,Gangtok,15.3723,83.7953,State Highway,Clear,Daylight,Distracted Driving,Car / Sedan,Moderate,1,4
ACC1068,2025-04-07,06:39,Karnataka,Bengaluru,11.6258,75.594,Rural Road,Clear,Daylight,Overspeeding,SUV,Moderate,0,2
ACC1069,2025-04-09,19:24,Uttarakhand,Dehradun,18.755,82.9672,National Highway,Clear,Twilight,Fatigue,SUV,Moderate,0,4
ACC1070,2025-04-09,18:49,Rajasthan,Jaipur,16.7874,88.0692,National Highway,Clear,Twilight,Overspeeding,Two-Wheeler,Severe / Fatal,3,3
ACC1071,2025-04-09,18:22,Maharashtra,Mumbai,17.0522,70.8728,National Highway,Rainy,Twilight,Overspeeding,Car / Sedan,Moderate,0,3
ACC1072,2025-04-09,22:39,Nagaland,Kohima,15.2213,76.5291,Expressway,Clear,Darkness,Overspeeding,Bus,Moderate,0,3
ACC1073,2025-04-09,07:01,Madhya Pradesh,Bhopal,9.6291,91.6985,National Highway,Cloudy,Daylight,Drunk Driving,Truck / Commercial,Minor,0,2
ACC1074,2025-04-09,09:55,Bihar,Patna,8.9219,81.8004,City Road,Foggy,Daylight,Overspeeding,Two-Wheeler,Minor,0,1
ACC1075,2025-04-09,15:43,Andhra Pradesh,Visakhapatnam,37.2415,84.2774,State Highway,Clear,Daylight,Overspeeding,Auto Rickshaw,Minor,0,1
ACC1076,2025-04-09,12:56,Kerala,Thiruvananthapuram,20.891,81.0353,State Highway,Clear,Daylight,Overspeeding,SUV,Minor,0,2
ACC1077,2025-04-10,10:53,Telangana,Hyderabad,19.6223,69.9511,Expressway,Clear,Daylight,Overspeeding,Two-Wheeler,Moderate,0,1
ACC1078,2025-04-10,09:46,Karnataka,Bengaluru,28.2457,73.4239,National Highway,Clear,Daylight,Distracted Driving,Two-Wheeler,Moderate,1,3
ACC1079,2025-04-10,14:57,Tripura,Agartala,14.773,81.3979,National Highway,Clear,Daylight,Weather Conditions,Two-Wheeler,Minor,0,1
ACC1080,2025-04-10,13:08,Madhya Pradesh,Bhopal,36.1389,74.6618,State Highway,Clear,Daylight,Weather Conditions,SUV,Minor,0,1
ACC1081,2025-04-10,06:30,Madhya Pradesh,Bhopal,31.3613,70.1244,Expressway,Clear,Daylight,Overspeeding,Two-Wheeler,Moderate,0,4
ACC1082,2025-04-11,11:58,Telangana,Hyderabad,11.0108,92.744,National Highway,Clear,Daylight,Overspeeding,Car / Sedan,Moderate,0,3
ACC1083,2025-04-11,13:31,Odisha,Bhubaneswar,20.5934,96.664,National Highway,Clear,Daylight,Fatigue,Two-Wheeler,Minor,0,2
ACC1084,2025-04-12,13:07,Mizoram,Aizawl,34.0703,91.3046,Rural Road,Foggy,Daylight,Overspeeding,Bus,Minor,0,1
ACC1085,2025-04-12,07:56,Himachal Pradesh,Shimla,35.9862,93.0329,National Highway,Clear,Daylight,Mechanical Failure,Two-Wheeler,Severe / Fatal,3,5
ACC1086,2025-04-12,16:26,Mizoram,Aizawl,22.0481,75.5963,City Road,Rainy,Daylight,Overspeeding,Bus,Severe / Fatal,2,3
ACC1087,2025-04-12,00:28,Punjab,Ludhiana,26.3116,96.0779,City Road,Clear,Darkness,Fatigue,Bus,Minor,0,1
ACC1088,2025-04-13,09:02,Maharashtra,Mumbai,13.2774,74.3124,National Highway,Clear,Daylight,Overspeeding,Two-Wheeler,Moderate,1,2
ACC1089,2025-04-14,16:04,Chhattisgarh,Raipur,37.3421,95.8157,National Highway,Clear,Daylight,Overspeeding,Car / Sedan,Moderate,0,1
ACC1090,2025-04-14,13:16,Kerala,Thiruvananthapuram,15.1648,97.0523,National Highway,Clear,Daylight,Distracted Driving,Two-Wheeler,Moderate,0,1
ACC1091,2025-04-14,08:41,Himachal Pradesh,Shimla,35.9278,88.9841,City Road,Clear,Daylight,Drunk Driving,Bus,Moderate,0,4
ACC1092,2025-04-15,15:20,Rajasthan,Jaipur,27.3697,96.6626,Expressway,Clear,Daylight,Overspeeding,Car / Sedan,Minor,0,2
ACC1093,2025-04-15,13:00,Nagaland,Kohima,26.1459,84.9319,City Road,Rainy,Daylight,Drunk Driving,Two-Wheeler,Moderate,0,3
ACC1094,2025-04-15,17:45,West Bengal,Kolkata,23.3705,76.0969,Rural Road,Clear,Daylight,Distracted Driving,Two-Wheeler,Minor,0,2
ACC1095,2025-04-16,16:55,Sikkim,Gangtok,15.1356,81.1544,City Road,Clear,Daylight,Overspeeding,Car / Sedan,Minor,0,2
ACC1096,2025-04-17,14:43,Jharkhand,Ranchi,13.5546,85.6165,National Highway,Rainy,Daylight,Overspeeding,Bus,Moderate,0,1
ACC1097,2025-04-17,12:33,Haryana,Gurugram,14.8382,70.7828,National Highway,Rainy,Daylight,Drunk Driving,SUV,Moderate,0,1
ACC1098,2025-04-17,06:49,Tamil Nadu,Chennai,13.844,86.4368,City Road,Clear,Daylight,Overspeeding,Truck / Commercial,Minor,0,2
ACC1099,2025-04-18,08:47,Karnataka,Bengaluru,31.1639,96.6636,National Highway,Clear,Daylight,Distracted Driving,Car / Sedan,Moderate,0,4
ACC1100,2025-04-18,10:36,Uttarakhand,Dehradun,18.6237,74.1181,National Highway,Foggy,Daylight,Overspeeding,Two-Wheeler,Moderate,0,2
ACC1101,2025-04-18,14:46,Goa,Panaji,10.089,91.289,City Road,Clear,Daylight,Overspeeding,Auto Rickshaw,Minor,0,2
ACC1102,2025-04-20,12:36,West Bengal,Kolkata,36.6978,94.5751,State Highway,Clear,Daylight,Overspeeding,Two-Wheeler,Moderate,0,2
ACC1103,2025-04-20,08:14,Goa,Panaji,34.2065,95.5955,Rural Road,Clear,Daylight,Drunk Driving,Bus,Minor,0,1
ACC1104,2025-04-20,00:42,Sikkim,Gangtok,35.4904,96.0639,City Road,Rainy,Darkness,Overspeeding,Car / Sedan,Moderate,0,2
ACC1105,2025-04-20,12:55,Andhra Pradesh,Visakhapatnam,37.4513,83.5616,National Highway,Clear,Daylight,Overspeeding,Two-Wheeler,Moderate,1,1
ACC1106,2025-04-21,08:21,Rajasthan,Jaipur,13.4777,96.5533,Rural Road,Cloudy,Daylight,Overspeeding,SUV,Moderate,1,1
ACC1107,2025-04-21,16:33,Uttarakhand,Dehradun,19.9703,90.2833,National Highway,Clear,Daylight,Fatigue,Auto Rickshaw,Severe / Fatal,1,5
ACC1108,2025-04-21,00:33,Goa,Panaji,30.5406,73.3076,State Highway,Rainy,Darkness,Overspeeding,Auto Rickshaw,Moderate,0,1
ACC1109,2025-04-21,14:44,Tamil Nadu,Chennai,28.7238,82.2917,State Highway,Clear,Daylight,Distracted Driving,Two-Wheeler,Minor,0,1
ACC1110,2025-04-22,19:44,Telangana,Hyderabad,12.8938,89.1724,National Highway,Clear,Twilight,Overspeeding,Two-Wheeler,Moderate,0,3
ACC1111,2025-04-23,06:39,Arunachal Pradesh,Itanagar,32.2223,75.7492,State Highway,Foggy,Daylight,Overspeeding,Car / Sedan,Moderate,0,4
ACC1112,2025-04-23,11:06,Telangana,Hyderabad,14.9537,86.9575,National Highway,Clear,Daylight,Drunk Driving,SUV,Moderate,0,1
ACC1113,2025-04-24,05:27,Tamil Nadu,Chennai,14.9355,87.6981,State Highway,Clear,Twilight,Drunk Driving,SUV,Moderate,0,1
ACC1114,2025-04-24,14:42,Odisha,Bhubaneswar,24.0797,73.3369,State Highway,Clear,Daylight,Fatigue,Two-Wheeler,Minor,0,2
ACC1115,2025-04-24,13:46,Bihar,Patna,25.7138,84.8049,City Road,Clear,Daylight,Fatigue,Auto Rickshaw,Moderate,0,1
ACC1116,2025-04-25,10:15,Himachal Pradesh,Shimla,25.3385,90.6914,City Road,Clear,Daylight,Weather Conditions,SUV,Moderate,0,4
ACC1117,2025-04-25,12:30,Haryana,Gurugram,11.0714,82.9185,National Highway,Clear,Daylight,Distracted Driving,Truck / Commercial,Moderate,0,4
ACC1118,2025-04-26,18:22,Chhattisgarh,Raipur,34.0219,69.0449,State Highway,Clear,Twilight,Drunk Driving,Car / Sedan,Moderate,0,1
ACC1119,2025-04-26,07:42,Kerala,Thiruvananthapuram,16.1555,68.9576,State Highway,Clear,Daylight,Overspeeding,Car / Sedan,Moderate,0,3
ACC1120,2025-04-26,00:43,Karnataka,Bengaluru,12.1818,78.8753,National Highway,Clear,Darkness,Fatigue,Auto Rickshaw,Moderate,0,1
ACC1121,2025-04-26,18:41,Madhya Pradesh,Bhopal,34.3514,95.0965,City Road,Clear,Twilight,Distracted Driving,Car / Sedan,Minor,0,1
ACC1122,2025-04-26,13:24,Mizoram,Aizawl,36.305,75.2173,City Road,Rainy,Daylight,Drunk Driving,Truck / Commercial,Minor,0,2
ACC1123,2025-04-27,18:09,Mizoram,Aizawl,33.5741,86.7794,National Highway,Clear,Twilight,Overspeeding,Auto Rickshaw,Moderate,0,1
ACC1124,2025-04-28,14:53,Manipur,Imphal,32.0379,75.0292,State Highway,Clear,Daylight,Overspeeding,SUV,Moderate,0,2
ACC1125,2025-04-29,17:52,Uttar Pradesh,Lucknow,27.5331,77.8676,National Highway,Cloudy,Daylight,Fatigue,Car / Sedan,Moderate,1,2
ACC1126,2025-04-29,10:35,Tripura,Agartala,24.485,92.8692,Expressway,Clear,Daylight,Overspeeding,Two-Wheeler,Moderate,0,2
ACC1127,2025-04-29,16:57,Kerala,Thiruvananthapuram,10.94,89.4726,National Highway,Foggy,Daylight,Overspeeding,Two-Wheeler,Severe / Fatal,2,1
ACC1128,2025-04-29,18:39,Arunachal Pradesh,Itanagar,20.3268,71.4189,Rural Road,Foggy,Twilight,Overspeeding,Two-Wheeler,Severe / Fatal,3,0
ACC1129,2025-04-29,13:03,West Bengal,Kolkata,19.2825,80.918,City Road,Rainy,Daylight,Weather Conditions,Two-Wheeler,Minor,0,1
ACC1130,2025-04-29,06:00,Punjab,Ludhiana,15.9848,69.5313,State Highway,Clear,Daylight,Overspeeding,Two-Wheeler,Minor,0,1
ACC1131,2025-04-30,08:41,Tamil Nadu,Chennai,29.5239,82.4054,Expressway,Rainy,Daylight,Weather Conditions,Two-Wheeler,Moderate,1,2
ACC1132,2025-05-01,07:59,Mizoram,Aizawl,22.8796,87.5794,Rural Road,Rainy,Daylight,Overspeeding,Car / Sedan,Moderate,0,4
ACC1133,2025-05-01,07:10,Uttar Pradesh,Lucknow,10.7665,72.0773,Expressway,Clear,Daylight,Mechanical Failure,Car / Sedan,Minor,0,1
ACC1134,2025-05-01,08:32,Bihar,Patna,14.8293,76.9332,National Highway,Clear,Daylight,Distracted Driving,Two-Wheeler,Moderate,0,1
ACC1135,2025-05-02,13:54,Gujarat,Ahmedabad,28.3512,80.0383,State Highway,Clear,Daylight,Overspeeding,Two-Wheeler,Minor,0,1
ACC1136,2025-05-02,14:30,Odisha,Bhubaneswar,10.623,94.9066,City Road,Clear,Daylight,Drunk Driving,SUV,Minor,0,1
ACC1137,2025-05-03,10:54,Chhattisgarh,Raipur,33.2552,97.0078,Expressway,Clear,Daylight,Overspeeding,Car / Sedan,Severe / Fatal,3,5
ACC1138,2025-05-03,14:31,Nagaland,Kohima,22.8583,69.98,City Road,Clear,Daylight,Overspeeding,Car / Sedan,Minor,0,2
ACC1139,2025-05-04,04:55,Meghalaya,Shillong,22.4331,90.3887,City Road,Clear,Darkness,Mechanical Failure,SUV,Moderate,1,4
ACC1140,2025-05-05,04:10,Odisha,Bhubaneswar,25.6983,79.2941,City Road,Clear,Darkness,Overspeeding,Truck / Commercial,Minor,0,1
ACC1141,2025-05-05,06:04,Odisha,Bhubaneswar,32.4807,79.8851,Rural Road,Clear,Daylight,Overspeeding,Car / Sedan,Minor,0,1
ACC1142,2025-05-07,12:48,West Bengal,Kolkata,18.556,90.1966,National Highway,Clear,Daylight,Overspeeding,SUV,Moderate,0,3
ACC1143,2025-05-08,07:31,Jharkhand,Ranchi,28.1981,94.8752,State Highway,Foggy,Daylight,Overspeeding,Auto Rickshaw,Moderate,1,4
ACC1144,2025-05-08,08:20,Tamil Nadu,Chennai,24.9194,95.8015,City Road,Clear,Daylight,Mechanical Failure,Truck / Commercial,Minor,0,1
ACC1145,2025-05-09,10:15,Assam,Guwahati,16.1972,85.148,City Road,Clear,Daylight,Overspeeding,Car / Sedan,Minor,0,1
ACC1146,2025-05-09,17:21,Assam,Guwahati,34.056,78.878,Expressway,Clear,Daylight,Fatigue,SUV,Moderate,0,2
ACC1147,2025-05-10,00:17,Gujarat,Ahmedabad,31.6848,91.1451,National Highway,Clear,Darkness,Fatigue,Two-Wheeler,Severe / Fatal,3,3
ACC1148,2025-05-10,15:03,Rajasthan,Jaipur,27.6268,75.8535,City Road,Rainy,Daylight,Overspeeding,Car / Sedan,Moderate,0,3
ACC1149,2025-05-10,15:32,Meghalaya,Shillong,33.237,84.7761,City Road,Cloudy,Daylight,Overspeeding,Auto Rickshaw,Moderate,0,4
ACC1150,2025-05-11,17:14,Punjab,Ludhiana,33.725,78.9195,National Highway,Clear,Daylight,Mechanical Failure,Car / Sedan,Moderate,0,2
ACC1151,2025-05-11,19:35,Gujarat,Ahmedabad,29.0842,87.414,State Highway,Cloudy,Twilight,Overspeeding,Bus,Minor,0,1
ACC1152,2025-05-12,00:41,Karnataka,Bengaluru,32.8408,75.5514,National Highway,Clear,Darkness,Overspeeding,Car / Sedan,Moderate,0,1
ACC1153,2025-05-12,06:24,Madhya Pradesh,Bhopal,28.7662,74.1604,State Highway,Clear,Daylight,Overspeeding,Auto Rickshaw,Minor,0,2
ACC1154,2025-05-12,18:25,Punjab,Ludhiana,28.2601,94.8698,National Highway,Clear,Twilight,Drunk Driving,Car / Sedan,Moderate,0,4
ACC1155,2025-05-12,11:52,Punjab,Ludhiana,26.4635,71.6014,State Highway,Foggy,Daylight,Weather Conditions,Two-Wheeler,Moderate,0,3
ACC1156,2025-05-12,13:15,Chhattisgarh,Raipur,30.3793,83.1198,State Highway,Clear,Daylight,Overspeeding,Car / Sedan,Moderate,0,2
ACC1157,2025-05-13,15:05,West Bengal,Kolkata,13.0313,74.9943,Expressway,Clear,Daylight,Overspeeding,Two-Wheeler,Severe / Fatal,1,1
ACC1158,2025-05-13,15:29,Maharashtra,Mumbai,34.1214,69.8095,City Road,Rainy,Daylight,Mechanical Failure,Two-Wheeler,Minor,0,2
ACC1159,2025-05-14,19:28,Himachal Pradesh,Shimla,33.8578,69.7265,City Road,Clear,Twilight,Weather Conditions,Truck / Commercial,Moderate,1,2
ACC1160,2025-05-14,23:51,Uttar Pradesh,Lucknow,9.254,73.6938,National Highway,Clear,Darkness,Drunk Driving,Two-Wheeler,Severe / Fatal,1,5
ACC1161,2025-05-14,16:36,Assam,Guwahati,32.5138,93.403,National Highway,Foggy,Daylight,Weather Conditions,Truck / Commercial,Severe / Fatal,1,0
ACC1162,2025-05-15,08:28,Telangana,Hyderabad,12.163,76.7506,City Road,Clear,Daylight,Overspeeding,Two-Wheeler,Minor,0,2
ACC1163,2025-05-15,18:05,Rajasthan,Jaipur,18.1855,95.7881,National Highway,Clear,Twilight,Weather Conditions,Two-Wheeler,Moderate,0,2
ACC1164,2025-05-15,01:54,Jharkhand,Ranchi,30.1104,85.2762,Rural Road,Clear,Darkness,Overspeeding,Auto Rickshaw,Minor,0,2
ACC1165,2025-05-16,07:31,Jharkhand,Ranchi,13.0942,81.1435,City Road,Clear,Daylight,Overspeeding,Car / Sedan,Minor,0,2
ACC1166,2025-05-16,18:28,Sikkim,Gangtok,32.2846,85.2325,State Highway,Clear,Twilight,Distracted Driving,SUV,Moderate,0,4
ACC1167,2025-05-16,07:20,Manipur,Imphal,32.6983,83.4259,Rural Road,Clear,Daylight,Overspeeding,SUV,Minor,0,1
ACC1168,2025-05-17,07:07,Jharkhand,Ranchi,23.2181,90.3251,National Highway,Clear,Daylight,Fatigue,Car / Sedan,Moderate,0,1
ACC1169,2025-05-17,06:31,Assam,Guwahati,8.5865,76.7511,State Highway,Clear,Daylight,Overspeeding,Bus,Moderate,0,2
ACC1170,2025-05-17,17:47,Rajasthan,Jaipur,16.7815,78.7619,Expressway,Foggy,Daylight,Mechanical Failure,SUV,Severe / Fatal,1,3
ACC1171,2025-05-18,12:41,Madhya Pradesh,Bhopal,26.4143,94.1817,State Highway,Cloudy,Daylight,Fatigue,Car / Sedan,Minor,0,1
ACC1172,2025-05-18,15:01,Arunachal Pradesh,Itanagar,37.0506,95.674,Rural Road,Clear,Daylight,Overspeeding,Truck / Commercial,Moderate,0,2
ACC1173,2025-05-19,07:06,Arunachal Pradesh,Itanagar,26.849,94.1379,National Highway,Clear,Daylight,Weather Conditions,Two-Wheeler,Moderate,1,3
ACC1174,2025-05-20,16:25,Punjab,Ludhiana,15.9863,80.6543,State Highway,Foggy,Daylight,Overspeeding,Car / Sedan,Minor,0,2
ACC1175,2025-05-20,16:26,Andhra Pradesh,Visakhapatnam,26.913,90.9404,Expressway,Clear,Daylight,Mechanical Failure,Auto Rickshaw,Moderate,0,3
ACC1176,2025-05-21,08:02,Jharkhand,Ranchi,24.1676,82.2756,City Road,Clear,Daylight,Drunk Driving,SUV,Moderate,0,1
ACC1177,2025-05-21,10:35,Bihar,Patna,31.1715,82.8799,National Highway,Foggy,Daylight,Distracted Driving,Truck / Commercial,Severe / Fatal,2,1
ACC1178,2025-05-22,07:35,Tamil Nadu,Chennai,11.5238,74.5334,State Highway,Rainy,Daylight,Drunk Driving,SUV,Minor,0,1
ACC1179,2025-05-22,20:00,Uttarakhand,Dehradun,30.622,85.5472,City Road,Rainy,Darkness,Overspeeding,Truck / Commercial,Moderate,0,4
ACC1180,2025-05-23,15:52,Rajasthan,Jaipur,24.205,74.0049,National Highway,Rainy,Daylight,Overspeeding,Bus,Moderate,0,4
ACC1181,2025-05-24,19:05,Manipur,Imphal,36.5194,78.1496,City Road,Clear,Twilight,Overspeeding,Two-Wheeler,Moderate,0,1
ACC1182,2025-05-24,08:50,Meghalaya,Shillong,18.3827,93.0684,Expressway,Clear,Daylight,Weather Conditions,Two-Wheeler,Minor,0,2
ACC1183,2025-05-25,16:38,Jharkhand,Ranchi,26.8726,74.6017,City Road,Clear,Daylight,Distracted Driving,Car / Sedan,Minor,0,2
ACC1184,2025-05-25,16:39,Kerala,Thiruvananthapuram,35.6152,70.728,City Road,Clear,Daylight,Distracted Driving,SUV,Moderate,0,4
ACC1185,2025-05-26,15:40,Madhya Pradesh,Bhopal,11.3933,70.6667,National Highway,Clear,Daylight,Overspeeding,Two-Wheeler,Moderate,0,2
ACC1186,2025-05-27,20:19,Tamil Nadu,Chennai,35.7671,95.5124,Expressway,Rainy,Darkness,Drunk Driving,Two-Wheeler,Severe / Fatal,3,3
ACC1187,2025-05-27,10:56,Nagaland,Kohima,28.4863,83.1472,City Road,Rainy,Daylight,Overspeeding,Two-Wheeler,Moderate,0,4
ACC1188,2025-05-27,06:32,Goa,Panaji,10.3808,80.3682,State Highway,Clear,Daylight,Weather Conditions,Auto Rickshaw,Minor,0,2
ACC1189,2025-05-28,15:35,Odisha,Bhubaneswar,17.1881,91.81,Rural Road,Rainy,Daylight,Fatigue,SUV,Moderate,0,4
ACC1190,2025-05-29,16:13,Kerala,Thiruvananthapuram,29.0786,92.521,State Highway,Rainy,Daylight,Overspeeding,Car / Sedan,Severe / Fatal,3,1