Accident_ID,Date,Time,State,City,Latitude,Longitude,Road_Type,Weather_Condition,Lighting_Condition,Primary_Cause,Vehicle_Type,Severity,Fatalities,Injuries
ACC1191,2025-05-29,13:41,Rajasthan,Jaipur,10.3666,78.1674,National Highway,Clear,Daylight,Overspeeding,Two-Wheeler,Severe / Fatal,3,2
ACC1192,2025-05-30,07:42,Tripura,Agartala,25.3994,88.4681,State Highway,Clear,Daylight,Overspeeding,Car / Sedan,Minor,0,2
ACC1193,2025-05-31,12:29,Madhya Pradesh,Bhopal,18.4998,90.677,Rural Road,Clear,Daylight,Distracted Driving,Two-Wheeler,Minor,0,1
ACC1194,2025-06-01,08:21,Madhya Pradesh,Bhopal,26.5307,87.3575,State Highway,Clear,Daylight,Distracted Driving,Two-Wheeler,Moderate,0,2
ACC1195,2025-06-01,10:23,Andhra Pradesh,Visakhapatnam,9.7357,73.0205,City Road,Clear,Daylight,Weather Conditions,Bus,Minor,0,1
ACC1196,2025-06-01,15:52,Gujarat,Ahmedabad,33.8489,93.6627,City Road,Clear,Daylight,Overspeeding,Auto Rickshaw,Moderate,0,3
ACC1197,2025-06-02,16:03,Haryana,Gurugram,36.8259,84.0642,State Highway,Clear,Daylight,Weather Conditions,Two-Wheeler,Minor,0,1
ACC1198,2025-06-02,07:52,Punjab,Ludhiana,36.6912,76.7505,National Highway,Clear,Daylight,Distracted Driving,Two-Wheeler,Moderate,0,4
ACC1199,2025-06-03,10:14,Tamil Nadu,Chennai,30.2898,80.819,City Road,Foggy,Daylight,Overspeeding,Two-Wheeler,Moderate,1,4
ACC1200,2025-06-03,08:54,Mizoram,Aizawl,12.1985,69.7708,State Highway,Clear,Daylight,Drunk Driving,Car / Sedan,Moderate,0,3
ACC1201,2025-06-03,07:29,Tamil Nadu,Chennai,30.5413,72.3442,City Road,Rainy,Daylight,Overspeeding,Two-Wheeler,Moderate,0,3
ACC1202,2025-06-03,16:21,Meghalaya,Shillong,9.1179,90.5181,State Highway,Clear,Daylight,Drunk Driving,Two-Wheeler,Minor,0,1
ACC1203,2025-06-03,18:35,Karnataka,Bengaluru,9.046,68.7003,State Highway,Clear,Twilight,Mechanical Failure,Two-Wheeler,Moderate,0,2
ACC1204,2025-06-04,09:49,Goa,Panaji,17.8494,80.5721,City Road,Foggy,Daylight,Overspeeding,Truck / Commercial,Severe / Fatal,1,3
ACC1205,2025-06-04,16:39,Bihar,Patna,22.6684,83.5915,State Highway,Clear,Daylight,Weather Conditions,SUV,Minor,0,2
ACC1206,2025-06-05,18:38,Odisha,Bhubaneswar,30.8959,70.2571,State Highway,Clear,Twilight,Drunk Driving,SUV,Minor,0,1
ACC1207,2025-06-05,17:30,Maharashtra,Mumbai,28.3522,96.4327,State Highway,Rainy,Daylight,Overspeeding,Car / Sedan,Minor,0,2
ACC1208,2025-06-05,06:45,West Bengal,Kolkata,21.4204,75.1446,State Highway,Clear,Daylight,Drunk Driving,Bus,Minor,0,2
ACC1209,2025-06-07,19:42,Himachal Pradesh,Shimla,16.3899,77.3697,State Highway,Clear,Twilight,Drunk Driving,Auto Rickshaw,Minor,0,2
ACC1210,2025-06-07,09:23,Karnataka,Bengaluru,37.516,77.3624,City Road,Clear,Daylight,Overspeeding,Two-Wheeler,Moderate,0,4
ACC1211,2025-06-08,08:45,Karnataka,Bengaluru,20.8445,75.2669,State Highway,Rainy,Daylight,Overspeeding,Two-Wheeler,Minor,0,1
ACC1212,2025-06-09,03:28,Bihar,Patna,21.5805,68.742,State Highway,Clear,Darkness,Overspeeding,Car / Sedan,Moderate,0,3
ACC1213,2025-06-10,12:07,Jharkhand,Ranchi,13.1778,89.4863,City Road,Clear,Daylight,Overspeeding,Two-Wheeler,Minor,0,2
ACC1214,2025-06-10,05:06,Madhya Pradesh,Bhopal,31.6084,96.2551,National Highway,Clear,Twilight,Overspeeding,Car / Sedan,Moderate,0,2
ACC1215,2025-06-11,07:48,Chhattisgarh,Raipur,28.6555,75.0924,National Highway,Clear,Daylight,Overspeeding,Car / Sedan,Moderate,0,4
ACC1216,2025-06-13,08:42,Odisha,Bhubaneswar,14.8465,87.5968,Rural Road,Rainy,Daylight,Overspeeding,Car / Sedan,Moderate,0,1
ACC1217,2025-06-13,17:14,Tamil Nadu,Chennai,10.8055,89.844,City Road,Clear,Daylight,Mechanical Failure,Two-Wheeler,Minor,0,2
ACC1218,2025-06-14,18:00,Uttar Pradesh,Lucknow,28.2706,92.8801,Expressway,Clear,Twilight,Overspeeding,Car / Sedan,Moderate,0,4
ACC1219,2025-06-14,08:21,Mizoram,Aizawl,27.5117,80.7449,Expressway,Clear,Daylight,Weather Conditions,Auto Rickshaw,Minor,0,2
ACC1220,2025-06-15,17:22,Odisha,Bhubaneswar,16.3792,77.3335,National Highway,Foggy,Daylight,Drunk Driving,Two-Wheeler,Severe / Fatal,2,5
ACC1221,2025-06-16,17:53,Himachal Pradesh,Shimla,36.1652,77.9709,Expressway,Clear,Daylight,Distracted Driving,SUV,Moderate,0,4
ACC1222,2025-06-17,16:40,Gujarat,Ahmedabad,12.8109,89.0097,State Highway,Rainy,Daylight,Overspeeding,Two-Wheeler,Moderate,1,2
ACC1223,2025-06-17,06:51,Bihar,Patna,21.0242,91.9782,State Highway,Rainy,Daylight,Fatigue,Two-Wheeler,Moderate,0,1
ACC1224,2025-06-18,15:18,Karnataka,Bengaluru,35.9536,73.876,State Highway,Clear,Daylight,Drunk Driving,Car / Sedan,Moderate,1,2
ACC1225,2025-06-19,19:35,Bihar,Patna,20.656,79.2718,National Highway,Clear,Twilight,Weather Conditions,Two-Wheeler,Minor,0,1
ACC1226,2025-06-19,15:33,Karnataka,Bengaluru,27.045,94.4053,National Highway,Clear,Daylight,Overspeeding,Two-Wheeler,Severe / Fatal,2,2
ACC1227,2025-06-21,08:23,Mizoram,Aizawl,20.0098,91.6908,Rural Road,Rainy,Daylight,Overspeeding,Two-Wheeler,Severe / Fatal,1,5
ACC1228,2025-06-22,12:44,Mizoram,Aizawl,16.4071,96.7685,State Highway,Clear,Daylight,Distracted Driving,Car / Sedan,Minor,0,1
ACC1229,2025-06-22,15:06,Kerala,Thiruvananthapuram,37.1321,90.1961,State Highway,Clear,Daylight,Overspeeding,SUV,Minor,0,1
ACC1230,2025-06-23,12:02,Maharashtra,Mumbai,20.3526,79.9061,National Highway,Rainy,Daylight,Drunk Driving,Two-Wheeler,Moderate,1,3
ACC1231,2025-06-24,05:57,Meghalaya,Shillong,34.5077,85.5332,National Highway,Clear,Twilight,Overspeeding,SUV,Minor,0,1
ACC1232,2025-06-25,08:10,Uttar Pradesh,Lucknow,15.1147,87.5389,City Road,Clear,Daylight,Distracted Driving,Two-Wheeler,Moderate,1,1
ACC1233,2025-06-25,17:31,Uttarakhand,Dehradun,14.6227,70.936,State Highway,Clear,Daylight,Fatigue,SUV,Minor,0,2
ACC1234,2025-06-27,18:08,Chhattisgarh,Raipur,9.3091,84.2182,State Highway,Clear,Twilight,Drunk Driving,Car / Sedan,Moderate,1,2
ACC1235,2025-06-27,06:52,Chhattisgarh,Raipur,27.4287,88.9156,National Highway,Rainy,Daylight,Weather Conditions,SUV,Severe / Fatal,3,3
ACC1236,2025-06-27,19:45,Himachal Pradesh,Shimla,19.161,73.4687,City Road,Clear,Twilight,Drunk Driving,Auto Rickshaw,Moderate,0,3
ACC1237,2025-06-27,08:47,Goa,Panaji,33.6393,90.948,National Highway,Clear,Daylight,Drunk Driving,Bus,Moderate,1,1
ACC1238,2025-06-27,15:46,Telangana,Hyderabad,22.2177,85.3375,National Highway,Foggy,Daylight,Fatigue,Two-Wheeler,Moderate,0,4
ACC1239,2025-06-27,16:26,Nagaland,Kohima,36.6712,95.8383,State Highway,Clear,Daylight,Mechanical Failure,Bus,Minor,0,2
ACC1240,2025-06-27,17:06,Tripura,Agartala,13.8173,69.909,National Highway,Cloudy,Daylight,Weather Conditions,Two-Wheeler,Moderate,0,3
ACC1241,2025-06-27,19:16,Uttarakhand,Dehradun,33.7638,76.2618,National Highway,Cloudy,Twilight,Overspeeding,Auto Rickshaw,Minor,0,2
ACC1242,2025-06-29,08:39,Maharashtra,Mumbai,31.0766,85.8443,Expressway,Clear,Daylight,Drunk Driving,Two-Wheeler,Minor,0,2
ACC1243,2025-06-29,17:12,Goa,Panaji,30.9109,77.152,City Road,Clear,Daylight,Overspeeding,Car / Sedan,Moderate,0,1
ACC1244,2025-06-29,06:12,Karnataka,Bengaluru,33.0677,89.0611,City Road,Rainy,Daylight,Overspeeding,Two-Wheeler,Moderate,0,1
ACC1245,2025-06-30,15:07,Meghalaya,Shillong,30.6219,90.3317,State Highway,Clear,Daylight,Drunk Driving,Two-Wheeler,Minor,0,2
ACC1246,2025-06-30,16:59,Odisha,Bhubaneswar,26.6856,71.6217,National Highway,Clear,Daylight,Weather Conditions,SUV,Moderate,0,1
ACC1247,2025-06-30,15:54,Kerala,Thiruvananthapuram,12.2324,83.3449,National Highway,Rainy,Daylight,Mechanical Failure,Bus,Severe / Fatal,2,2
ACC1248,2025-06-30,07:25,Maharashtra,Mumbai,9.3498,83.2034,Rural Road,Clear,Daylight,Overspeeding,SUV,Minor,0,2
ACC1249,2025-07-02,18:13,Punjab,Ludhiana,35.2888,79.2245,Expressway,Foggy,Twilight,Overspeeding,SUV,Moderate,0,3
ACC1250,2025-07-03,06:29,Madhya Pradesh,Bhopal,26.4062,95.2884,City Road,Clear,Daylight,Mechanical Failure,Truck / Commercial,Moderate,0,2
ACC1251,2025-07-03,02:52,Chhattisgarh,Raipur,31.6589,92.2839,National Highway,Clear,Darkness,Overspeeding,Two-Wheeler,Moderate,0,2
ACC1252,2025-07-03,16:50,Meghalaya,Shillong,22.4605,88.5705,State Highway,Clear,Daylight,Distracted Driving,Two-Wheeler,Minor,0,1
ACC1253,2025-07-03,11:12,Tamil Nadu,Chennai,11.8254,89.0583,National Highway,Cloudy,Daylight,Overspeeding,Two-Wheeler,Moderate,0,2
ACC1254,2025-07-03,17:45,Gujarat,Ahmedabad,12.0554,81.8589,Expressway,Clear,Daylight,Overspeeding,Car / Sedan,Moderate,0,4
ACC1255,2025-07-04,09:21,Andhra Pradesh,Visakhapatnam,28.4185,94.9483,Rural Road,Rainy,Daylight,Fatigue,Two-Wheeler,Moderate,0,2
ACC1256,2025-07-04,06:06,Gujarat,Ahmedabad,20.9649,88.496,Rural Road,Clear,Daylight,Overspeeding,Two-Wheeler,Minor,0,2
ACC1257,2025-07-05,17:48,Himachal Pradesh,Shimla,14.2553,89.476,State Highway,Clear,Daylight,Overspeeding,Two-Wheeler,Minor,0,2
ACC1258,2025-07-05,13:26,Sikkim,Gangtok,22.7546,93.2582,State Highway,Clear,Daylight,Overspeeding,Two-Wheeler,Moderate,0,4
ACC1259,2025-07-05,06:02,Meghalaya,Shillong,10.2749,76.511,Rural Road,Clear,Daylight,Mechanical Failure,Bus,Minor,0,2
ACC1260,2025-07-05,16:59,Sikkim,Gangtok,25.3936,91.7015,City Road,Clear,Daylight,Mechanical Failure,Two-Wheeler,Moderate,0,1
ACC1261,2025-07-05,12:40,Maharashtra,Mumbai,16.2546,74.2644,National Highway,Clear,Daylight,Overspeeding,Car / Sedan,Severe / Fatal,2,2
ACC1262,2025-07-06,14:53,Manipur,Imphal,31.6887,78.5422,State Highway,Clear,Daylight,Overspeeding,Car / Sedan,Minor,0,2
ACC1263,2025-07-06,11:43,Mizoram,Aizawl,17.4626,78.2649,National Highway,Cloudy,Daylight,Distracted Driving,Car / Sedan,Severe / Fatal,2,4
ACC1264,2025-07-06,17:37,Haryana,Gurugram,21.6924,96.588,State Highway,Clear,Daylight,Overspeeding,Two-Wheeler,Moderate,0,4
ACC1265,2025-07-06,17:07,Meghalaya,Shillong,8.7393,93.1113,State Highway,Cloudy,Daylight,Distracted Driving,Two-Wheeler,Moderate,0,4
ACC1266,2025-07-06,15:49,West Bengal,Kolkata,10.5154,88.6833,Expressway,Clear,Daylight,Overspeeding,Two-Wheeler,Moderate,0,1
ACC1267,2025-07-06,05:57,Meghalaya,Shillong,19.8608,89.4211,State Highway,Clear,Twilight,Overspeeding,Car / Sedan,Moderate,0,4
ACC1268,2025-07-07,17:28,Sikkim,Gangtok,22.4142,84.7191,National Highway,Clear,Daylight,Distracted Driving,Two-Wheeler,Moderate,0,1
ACC1269,2025-07-07,15:29,Sikkim,Gangtok,25.9206,95.6921,State Highway,Clear,Daylight,Overspeeding,Car / Sedan,Moderate,1,2
ACC1270,2025-07-07,15:42,Madhya Pradesh,Bhopal,16.9165,82.8434,City Road,Clear,Daylight,Mechanical Failure,SUV,Minor,0,2
ACC1271,2025-07-07,09:37,Gujarat,Ahmedabad,28.6935,79.5448,City Road,Clear,Daylight,Overspeeding,Car / Sedan,Moderate,0,1
ACC1272,2025-07-08,18:32,Kerala,Thiruvananthapuram,33.5156,73.3465,State Highway,Clear,Twilight,Overspeeding,Car / Sedan,Minor,0,1
ACC1273,2025-07-09,16:08,Rajasthan,Jaipur,31.1716,91.1069,Rural Road,Rainy,Daylight,Fatigue,Car / Sedan,Minor,0,2
ACC1274,2025-07-09,05:31,Odisha,Bhubaneswar,9.5569,89.6317,Rural Road,Clear,Twilight,Overspeeding,Truck / Commercial,Minor,0,1
ACC1275,2025-07-09,10:00,Gujarat,Ahmedabad,22.4308,79.6541,National Highway,Rainy,Daylight,Distracted Driving,Two-Wheeler,Severe / Fatal,3,1
ACC1276,2025-07-10,18:33,Tripura,Agartala,11.464,69.418,National Highway,Clear,Twilight,Overspeeding,SUV,Moderate,1,2
ACC1277,2025-07-10,01:47,Andhra Pradesh,Visakhapatnam,15.4677,92.6114,City Road,Clear,Darkness,Distracted Driving,Truck / Commercial,Moderate,0,1
ACC1278,2025-07-11,20:03,Haryana,Gurugram,37.2105,69.0254,City Road,Clear,Darkness,Distracted Driving,Car / Sedan,Severe / Fatal,2,3
ACC1279,2025-07-11,15:35,Tripura,Agartala,12.5609,88.7554,Rural Road,Clear,Daylight,Overspeeding,Two-Wheeler,Minor,0,1
ACC1280,2025-07-12,14:59,Assam,Guwahati,22.9675,96.3523,City Road,Clear,Daylight,Weather Conditions,Car / Sedan,Moderate,1,3
ACC1281,2025-07-12,08:27,Tripura,Agartala,26.4501,81.1733,Expressway,Clear,Daylight,Distracted Driving,Two-Wheeler,Moderate,1,4
ACC1282,2025-07-12,07:53,Bihar,Patna,28.912,75.3967,State Highway,Clear,Daylight,Overspeeding,Two-Wheeler,Minor,0,1
ACC1283,2025-07-13,19:37,Tamil Nadu,Chennai,24.7417,88.7888,National Highway,Clear,Twilight,Drunk Driving,Two-Wheeler,Moderate,0,2
ACC1284,2025-07-13,08:30,Goa,Panaji,8.6853,91.9882,National Highway,Clear,Daylight,Drunk Driving,Two-Wheeler,Severe / Fatal,1,0
ACC1285,2025-07-15,16:59,Rajasthan,Jaipur,17.9327,84.2733,State Highway,Clear,Daylight,Overspeeding,Car / Sedan,Moderate,0,3
ACC1286,2025-07-15,10:32,Punjab,Ludhiana,23.5172,96.2605,Expressway,Clear,Daylight,Overspeeding,Truck / Commercial,Moderate,1,3
ACC1287,2025-07-15,06:49,Tripura,Agartala,10.9657,70.1726,Expressway,Cloudy,Daylight,Overspeeding,Two-Wheeler,Minor,0,2
ACC1288,2025-07-16,00:58,Nagaland,Kohima,18.6383,83.0867,City Road,Rainy,Darkness,Overspeeding,Bus,Moderate,1,4
ACC1289,2025-07-16,13:58,Kerala,Thiruvananthapuram,9.3695,89.1759,National Highway,Clear,Daylight,Weather Conditions,Auto Rickshaw,Moderate,1,3
ACC1290,2025-07-17,20:11,Nagaland,Kohima,10.6945,93.2853,Expressway,Foggy,Darkness,Drunk Driving,Auto Rickshaw,Moderate,0,3
ACC1291,2025-07-17,09:44,Sikkim,Gangtok,19.9902,73.8088,National Highway,Foggy,Daylight,Fatigue,Truck / Commercial,Moderate,0,3
ACC1292,2025-07-17,09:37,Tamil Nadu,Chennai,12.2753,91.5001,State Highway,Clear,Daylight,Overspeeding,Car / Sedan,Moderate,0,4
ACC1293,2025-07-18,09:11,Tamil Nadu,Chennai,24.9722,84.4522,City Road,Clear,Daylight,Overspeeding,Two-Wheeler,Minor,0,2
ACC1294,2025-07-18,12:46,Meghalaya,Shillong,28.5324,80.0018,City Road,Cloudy,Daylight,Weather Conditions,Car / Sedan,Minor,0,2
ACC1295,2025-07-18,11:52,Manipur,Imphal,31.7771,72.4539,Rural Road,Clear,Daylight,Drunk Driving,Car / Sedan,Moderate,0,2
ACC1296,2025-07-18,18:08,Mizoram,Aizawl,14.2444,93.3609,National Highway,Foggy,Twilight,Drunk Driving,Truck / Commercial,Severe / Fatal,2,2
ACC1297,2025-07-19,12:06,Chhattisgarh,Raipur,13.2905,73.1823,State Highway,Clear,Daylight,Overspeeding,Auto Rickshaw,Moderate,1,2
ACC1298,2025-07-19,12:24,West Bengal,Kolkata,11.4534,77.529,State Highway,Clear,Daylight,Overspeeding,Car / Sedan,Moderate,0,3
ACC1299,2025-07-19,06:42,Himachal Pradesh,Shimla,26.9838,76.9663,State Highway,Clear,Daylight,Overspeeding,Two-Wheeler,Minor,0,1
ACC1300,2025-07-19,21:38,Mizoram,Aizawl,29.0291,93.5353,City Road,Clear,Darkness,Fatigue,Two-Wheeler,Severe / Fatal,1,5
ACC1301,2025-07-19,07:38,Uttarakhand,Dehradun,9.3223,87.872,City Road,Rainy,Daylight,Overspeeding,Two-Wheeler,Moderate,0,2
ACC1302,2025-07-20,04:56,Manipur,Imphal,35.7374,91.4054,City Road,Cloudy,Darkness,Mechanical Failure,Car / Sedan,Minor,0,1
ACC1303,2025-07-20,15:20,Uttar Pradesh,Lucknow,9.9176,75.8383,National Highway,Clear,Daylight,Distracted Driving,Car / Sedan,Minor,0,1
ACC1304,2025-07-20,14:32,Tamil Nadu,Chennai,24.2059,86.5089,City Road,Clear,Daylight,Overspeeding,Truck / Commercial,Moderate,0,3
ACC1305,2025-07-20,10:56,Bihar,Patna,29.1046,84.9948,National Highway,Rainy,Daylight,Drunk Driving,Car / Sedan,Severe / Fatal,3,1
ACC1306,2025-07-21,10:24,Sikkim,Gangtok,33.8323,92.4357,City Road,Clear,Daylight,Weather Conditions,Bus,Moderate,1,3
ACC1307,2025-07-21,16:26,Kerala,Thiruvananthapuram,29.2513,94.5235,State Highway,Clear,Daylight,Mechanical Failure,SUV,Moderate,0,2
ACC1308,2025-07-21,07:38,Arunachal Pradesh,Itanagar,31.8105,69.0465,State Highway,Clear,Daylight,Overspeeding,Truck / Commercial,Moderate,0,1
ACC1309,2025-07-21,17:58,Haryana,Gurugram,18.3119,87.9096,State Highway,Rainy,Daylight,Overspeeding,Two-Wheeler,Severe / Fatal,3,2
ACC1310,2025-07-22,15:44,Odisha,Bhubaneswar,32.1929,70.1773,Rural Road,Rainy,Daylight,Overspeeding,Truck / Commercial,Moderate,0,2
ACC1311,2025-07-23,10:48,Punjab,Ludhiana,10.7394,84.3425,National Highway,Clear,Daylight,Overspeeding,SUV,Minor,0,2
ACC1312,2025-07-23,11:15,Bihar,Patna,34.5286,76.8975,State Highway,Clear,Daylight,Drunk Driving,Two-Wheeler,Moderate,1,2
ACC1313,2025-07-23,07:17,Chhattisgarh,Raipur,24.3897,77.4431,City Road,Cloudy,Daylight,Mechanical Failure,Two-Wheeler,Minor,0,2
ACC1314,2025-07-23,16:25,Jharkhand,Ranchi,32.2651,78.7593,State Highway,Clear,Daylight,Overspeeding,Bus,Moderate,0,1
ACC1315,2025-07-24,12:21,Gujarat,Ahmedabad,21.6077,86.4068,National Highway,Clear,Daylight,Distracted Driving,Two-Wheeler,Severe / Fatal,2,3
ACC1316,2025-07-24,08:18,Telangana,Hyderabad,27.1925,78.2204,State Highway,Clear,Daylight,Distracted Driving,Car / Sedan,Moderate,0,4
ACC1317,2025-07-24,14:28,Karnataka,Bengaluru,23.771,89.5819,State Highway,Rainy,Daylight,Overspeeding,Two-Wheeler,Moderate,0,2
ACC1318,2025-07-24,23:51,Bihar,Patna,29.7624,80.229,Rural Road,Clear,Darkness,Overspeeding,SUV,Moderate,0,3
ACC1319,2025-07-25,11:08,Nagaland,Kohima,10.7836,70.6481,City Road,Clear,Daylight,Distracted Driving,Truck / Commercial,Minor,0,2
ACC1320,2025-07-26,19:08,Nagaland,Kohima,10.1623,91.0372,State Highway,Clear,Twilight,Mechanical Failure,Car / Sedan,Minor,0,2
ACC1321,2025-07-26,09:26,Karnataka,Bengaluru,15.6154,76.8441,Rural Road,Clear,Daylight,Distracted Driving,Car / Sedan,Moderate,0,2
ACC1322,2025-07-27,02:38,Assam,Guwahati,13.0587,81.0339,State Highway,Clear,Darkness,Overspeeding,Auto Rickshaw,Moderate,1,3
ACC1323,2025-07-28,07:44,Tamil Nadu,Chennai,33.8561,88.2352,National Highway,Clear,Daylight,Overspeeding,Truck / Commercial,Moderate,0,4
ACC1324,2025-07-28,10:56,Sikkim,Gangtok,14.801,78.175,National Highway,Clear,Daylight,Overspeeding,Bus,Minor,0,1
ACC1325,2025-07-28,07:47,Kerala,Thiruvananthapuram,36.8953,70.3127,State Highway,Clear,Daylight,Drunk Driving,Car / Sedan,Minor,0,1
ACC1326,2025-07-28,00:32,Rajasthan,Jaipur,18.2374,79.3567,National Highway,Clear,Darkness,Weather Conditions,Two-Wheeler,Severe / Fatal,3,4
ACC1327,2025-07-28,18:19,Punjab,Ludhiana,13.7178,95.6168,Rural Road,Clear,Twilight,Overspeeding,Car / Sedan,Minor,0,1
ACC1328,2025-07-29,17:53,Tripura,Agartala,31.4592,86.9894,City Road,Cloudy,Daylight,Weather Conditions,SUV,Moderate,0,1
ACC1329,2025-07-29,16:44,Madhya Pradesh,Bhopal,27.6343,87.8372,National Highway,Foggy,Daylight,Drunk Driving,Two-Wheeler,Severe / Fatal,2,4
ACC1330,2025-07-30,06:35,Maharashtra,Mumbai,22.9473,86.72,Expressway,Clear,Daylight,Distracted Driving,Two-Wheeler,Moderate,0,4
ACC1331,2025-07-30,05:55,Mizoram,Aizawl,24.6166,74.3713,City Road,Rainy,Twilight,Fatigue,Two-Wheeler,Moderate,0,1
ACC1332,2025-07-31,03:20,Tripura,Agartala,29.4007,80.6225,Rural Road,Clear,Darkness,Overspeeding,Car / Sedan,Moderate,0,1
ACC1333,2025-07-31,16:45,Telangana,Hyderabad,15.0709,90.1018,City Road,Cloudy,Daylight,Mechanical Failure,Truck / Commercial,Minor,0,1
ACC1334,2025-08-01,19:47,Assam,Guwahati,37.493,71.5891,State Highway,Clear,Twilight,Overspeeding,Two-Wheeler,Moderate,0,3
ACC1335,2025-08-01,11:59,West Bengal,Kolkata,36.864,76.6188,City Road,Clear,Daylight,Overspeeding,SUV,Minor,0,1
ACC1336,2025-08-02,05:35,Nagaland,Kohima,27.3895,76.5751,Expressway,Clear,Twilight,Mechanical Failure,Bus,Minor,0,1
ACC1337,2025-08-02,12:40,Punjab,Ludhiana,14.2266,81.0125,Expressway,Clear,Daylight,Mechanical Failure,Two-Wheeler,Severe / Fatal,1,4
ACC1338,2025-08-02,09:13,Telangana,Hyderabad,28.2627,96.6405,National Highway,Cloudy,Daylight,Drunk Driving,SUV,Moderate,1,1
ACC1339,2025-08-02,09:12,Tamil Nadu,Chennai,10.5082,70.6238,National Highway,Clear,Daylight,Drunk Driving,Auto Rickshaw,Moderate,1,2
ACC1340,2025-08-03,14:13,Kerala,Thiruvananthapuram,9.2951,83.483,State Highway,Clear,Daylight,Distracted Driving,Auto Rickshaw,Moderate,1,3
ACC1341,2025-08-03,16:39,West Bengal,Kolkata,15.9243,73.8119,National Highway,Clear,Daylight,Weather Conditions,Two-Wheeler,Severe / Fatal,3,4
ACC1342,2025-08-04,05:45,Telangana,Hyderabad,21.9086,96.3643,National Highway,Rainy,Twilight,Overspeeding,Two-Wheeler,Severe / Fatal,3,0
ACC1343,2025-08-05,01:18,Maharashtra,Mumbai,33.7536,71.9291,City Road,Clear,Darkness,Weather Conditions,Two-Wheeler,Minor,0,2
ACC1344,2025-08-05,22:43,Jharkhand,Ranchi,29.6333,80.2026,National Highway,Clear,Darkness,Drunk Driving,SUV,Severe / Fatal,2,1
ACC1345,2025-08-05,07:22,Haryana,Gurugram,30.087,89.7297,Expressway,Cloudy,Daylight,Drunk Driving,SUV,Minor,0,2
ACC1346,2025-08-06,02:58,Meghalaya,Shillong,20.8244,88.7798,State Highway,Clear,Darkness,Overspeeding,SUV,Moderate,0,4
ACC1347,2025-08-06,06:43,Bihar,Patna,18.5013,80.7478,Rural Road,Clear,Daylight,Drunk Driving,Two-Wheeler,Moderate,0,1
ACC1348,2025-08-07,01:08,Telangana,Hyderabad,19.2343,78.5759,State Highway,Foggy,Darkness,Fatigue,Two-Wheeler,Moderate,0,3
ACC1349,2025-08-08,10:45,Tamil Nadu,Chennai,37.2394,80.032,National Highway,Clear,Daylight,Drunk Driving,Car / Sedan,Moderate,0,3
ACC1350,2025-08-08,17:41,Uttar Pradesh,Lucknow,9.5712,76.2319,Expressway,Clear,Daylight,Fatigue,Car / Sedan,Moderate,1,1
ACC1351,2025-08-10,09:11,Sikkim,Gangtok,33.7173,74.552,City Road,Clear,Daylight,Overspeeding,SUV,Moderate,0,4
ACC1352,2025-08-10,11:32,Arunachal Pradesh,Itanagar,25.2973,82.4666,Rural Road,Rainy,Daylight,Distracted Driving,Car / Sedan,Severe / Fatal,3,3
ACC1353,2025-08-11,15:34,Nagaland,Kohima,21.2076,76.3532,State Highway,Clear,Daylight,Weather Conditions,Two-Wheeler,Minor,0,2
ACC1354,2025-08-12,12:44,Telangana,Hyderabad,29.5775,76.8927,State Highway,Cloudy,Daylight,Distracted Driving,Two-Wheeler,Moderate,0,2
ACC1355,2025-08-12,18:40,Andhra Pradesh,Visakhapatnam,22.6107,87.4175,Rural Road,Rainy,Twilight,Distracted Driving,Two-Wheeler,Severe / Fatal,3,3
ACC1356,2025-08-12,18:20,Uttarakhand,Dehradun,33.904,96.3033,National Highway,Clear,Twilight,Drunk Driving,Two-Wheeler,Moderate,1,2
ACC1357,2025-08-12,00:45,Chhattisgarh,Raipur,34.7005,85.9037,Expressway,Rainy,Darkness,Mechanical Failure,Two-Wheeler,Moderate,0,2
ACC1358,2025-08-13,16:07,Madhya Pradesh,Bhopal,20.7143,70.8939,State Highway,Clear,Daylight,Weather Conditions,Two-Wheeler,Moderate,0,3
ACC1359,2025-08-13,11:48,West Bengal,Kolkata,16.4834,70.8541,National Highway,Clear,Daylight,Overspeeding,Two-Wheeler,Moderate,1,3
ACC1360,2025-08-13,21:22,Kerala,Thiruvananthapuram,25.6966,95.8156,State Highway,Rainy,Darkness,Weather Conditions,Two-Wheeler,Moderate,0,4
ACC1361,2025-08-13,12:35,West Bengal,Kolkata,35.041,77.1728,National Highway,Cloudy,Daylight,Overspeeding,SUV,Severe / Fatal,1,0